0,0.0009765625
1,0.001800537
2,0.001159668
3,0.0005187988
4,0.001922607
5,0.001983643
6,0.0007629395
7,0.000793457
8,0.001525879
9,0.0008544922
10,0.0006103516
11,0.001800537
12,0.001800537
13,0.0006713867
14,0.0007019043
15,0.001342773
16,0.0007324219
17,0.0006408691
18,0.001739502
19,0.001861572
20,0.0009155273
21,0.0003967285
22,0.001098633
23,0.000793457
24,0.0001525879
25,0.00112915
26,0.001373291
27,0.0008239746
28,6.103516E-05
29,0.000793457
30,0.0008850098
31,0.0005187988
32,3.051758E-05
33,0.0003967285
34,0.0003967285
35,0.0001831055
36,0.0001525879
37,0.0003662109
38,0.0004882813
39,0.000579834
40,0.0006103516
41,0.0006103516
42,0.0005493164
43,0.0003967285
44,0.0003662109
45,0.0004577637
46,0.000793457
47,0.001281738
48,0.001617432
49,0.001495361
50,0.0008850098
51,0.0001220703
52,0.0002746582
53,9.155273E-05
54,0.0009765625
55,0.001861572
56,0.002044678
57,0.001281738
58,0.0001525879
59,0.0005187988
60,0.000213623
61,0.0008544922
62,0.001953125
63,0.002075195
64,0.001190186
65,6.103516E-05
66,0.0007019043
67,0.0002441406
68,0.0008850098
69,0.001739502
70,0.001495361
71,0.0003356934
72,0.000793457
73,0.0009765625
74,0.0001220703
75,0.001617432
76,0.002380371
77,0.001708984
78,0
79,0.001434326
80,0.001617432
81,0.0003051758
82,0.001495361
83,0.002349854
84,0.001708984
85,3.051758E-05
86,0.001495361
87,0.00177002
88,0.0006408691
89,0.0009155273
90,0.001678467
91,0.001190186
92,6.103516E-05
93,0.00112915
94,0.001220703
95,0.0003662109
96,0.0006408691
97,0.00100708
98,0.0004882813
99,0.0003967285
100,0.0008850098
101,0.0006408691
102,0.0001831055
103,0.0008544922
104,0.0009155273
105,0.0003051758
106,0.0004272461
107,0.0007019043
108,0.0004272461
109,0.0001525879
110,0.0004882813
111,0.0002441406
112,0.0003356934
113,0.0007629395
114,0.0006713867
115,0.0001220703
116,0.0003662109
117,0.0004272461
118,6.103516E-05
119,0.0007019043
120,0.00100708
121,0.0007324219
122,0.0001831055
123,0.0001220703
124,0
125,0.0004577637
126,0.0008239746
127,0.0006713867
128,0.0001220703
129,0.0004272461
130,0.0004272461
131,0.0001525879
132,0.0008544922
133,0.00112915
134,0.0007324219
135,0
136,0.0004882813
137,0.000213623
138,0.0006408691
139,0.001525879
140,0.001739502
141,0.001159668
142,0.000213623
143,0.0003356934
144,9.155273E-05
145,0.0007629395
146,0.001708984
147,0.001953125
148,0.001525879
149,0.0006408691
150,9.155273E-05
151,0.0002441406
152,0.0009765625
153,0.001708984
154,0.001983643
155,0.001464844
156,0.000579834
157,6.103516E-05
158,0.0001220703
159,0.0004272461
160,0.00112915
161,0.001495361
162,0.001251221
163,0.0006713867
164,0.000213623
165,0.0001831055
166,0.0004272461
167,0.0006713867
168,0.0006103516
169,0.0003051758
170,6.103516E-05
171,0.0001525879
172,6.103516E-05
173,0.0003662109
174,0.0004272461
175,0.0001831055
176,0.0001525879
177,0.0003051758
178,0.0001220703
179,0.0001525879
180,0.0001831055
181,0.0001220703
182,0.000579834
183,0.0008850098
184,0.0008544922
185,0.000579834
186,0.0003356934
187,0.0003967285
188,0.0005493164
189,0.000793457
190,0.0008850098
191,0.0008239746
192,0.000793457
193,0.0008544922
194,0.0009155273
195,0.0009155273
196,0.000793457
197,0.0007019043
198,0.0007629395
199,0.0009155273
200,0.00100708
201,0.0008850098
202,0.0006713867
203,0.0006713867
204,0.001037598
205,0.001647949
206,0.001861572
207,0.001434326
208,0.0004577637
209,0.0003356934
210,0.0001831055
211,0.0009765625
212,0.002166748
213,0.002349854
214,0.00112915
215,0.0007324219
216,0.001647949
217,0.000793457
218,0.001373291
219,0.003082275
220,0.002929688
221,0.0008850098
222,0.001403809
223,0.002075195
224,0.000579834
225,0.001708984
226,0.002868652
227,0.001861572
228,0.0003051758
229,0.001739502
230,0.001190186
231,0.0007019043
232,0.002044678
233,0.001556396
234,0.0003051758
235,0.001708984
236,0.001159668
237,0.0008544922
238,0.002410889
239,0.001861572
240,0.000579834
241,0.002746582
242,0.002624512
243,0.0001220703
244,0.002593994
245,0.003112793
246,0.0008239746
247,0.002349854
248,0.003753662
249,0.002166748
250,0.0009155273
251,0.002807617
252,0.001953125
253,0.0008544922
254,0.003082275
255,0.0027771
256,0.0003662109
257,0.001922607
258,0.002075195
259,6.103516E-05
260,0.002319336
261,0.00289917
262,0.001190186
263,0.001281738
264,0.002410889
265,0.001251221
266,0.001037598
267,0.002563477
268,0.002044678
269,3.051758E-05
270,0.001800537
271,0.001922607
272,0.0003051758
273,0.001586914
274,0.002380371
275,0.001586914
276,0.0001220703
277,0.0008850098
278,0.0007629395
279,3.051758E-05
280,0.000579834
281,0.0005493164
282,0.0001220703
283,9.155273E-05
284,0.0001525879
285,0.000579834
286,0.0006713867
287,0.0003051758
288,0.0001525879
289,0.0001220703
290,0.0005493164
291,0.001251221
292,0.001312256
293,0.0006713867
294,0.000213623
295,0.0004272461
296,0.000213623
297,0.001190186
298,0.001678467
299,0.001312256
300,0.0006103516
301,0.0001525879
302,0.0003662109
303,0.0009155273
304,0.001220703
305,0.001037598
306,0.0006103516
307,0.0004882813
308,0.0008239746
309,0.001159668
310,0.001098633
311,0.0005187988
312,3.051758E-05
313,0.0001220703
314,0.0008850098
315,0.001586914
316,0.001556396
317,0.0004882813
318,0.0008544922
319,0.001342773
320,0.0003967285
321,0.001373291
322,0.002624512
323,0.002258301
324,0.0004882813
325,0.001464844
326,0.002075195
327,0.0009155273
328,0.001220703
329,0.002532959
330,0.002075195
331,0.0001220703
332,0.001831055
333,0.002410889
334,0.001312256
335,0.0003967285
336,0.001403809
337,0.0009460449
338,0.0003051758
339,0.001312256
340,0.001251221
341,0.0004272461
342,0.000213623
343,3.051758E-05
344,0.0007629395
345,0.001281738
346,0.0008850098
347,9.155273E-05
348,0.0007019043
349,0.0001525879
350,0.001342773
351,0.002563477
352,0.002410889
353,0.0008850098
354,0.0008850098
355,0.001525879
356,0.0004577637
357,0.001495361
358,0.002929688
359,0.002746582
360,0.001251221
361,0.0003662109
362,0.0009155273
363,0.0001831055
364,0.001098633
365,0.001861572
366,0.001708984
367,0.0008850098
368,0.0002441406
369,0.0001220703
370,0.0004882813
371,0.0008239746
372,0.0007019043
373,0.0003356934
374,0.0001220703
375,0.0003051758
376,0.0007019043
377,0.0009765625
378,0.0007629395
379,0.0002746582
380,0.0001525879
381,0.0001831055
382,6.103516E-05
383,0.0003662109
384,0.0004272461
385,0.0002746582
386,9.155273E-05
387,9.155273E-05
388,0.000213623
389,0.0003967285
390,0.0005187988
391,0.0004882813
392,0.000213623
393,0.0001525879
394,0.0001525879
395,0.0003051758
396,0.001037598
397,0.001403809
398,0.001037598
399,3.051758E-05
400,0.0008239746
401,0.0007629395
402,0.0003051758
403,0.001495361
404,0.001739502
405,0.0007324219
406,0.0008850098
407,0.001739502
408,0.001037598
409,0.0006713867
410,0.00213623
411,0.002044678
412,0.0004882813
413,0.001312256
414,0.001800537
415,0.0005493164
416,0.001312256
417,0.002166748
418,0.001190186
419,0.0007629395
420,0.00201416
421,0.001373291
422,0.0006713867
423,0.002288818
424,0.00201416
425,3.051758E-05
426,0.002166748
427,0.002471924
428,0.0004882813
429,0.00213623
430,0.003234863
431,0.001708984
432,0.001220703
433,0.003204346
434,0.002624512
435,0.0001831055
436,0.002990723
437,0.003509521
438,0.001434326
439,0.001617432
440,0.003265381
441,0.002410889
442,0.0001525879
443,0.002380371
444,0.002838135
445,0.001495361
446,0.0002441406
447,0.00100708
448,0.0006103516
449,0.0004272461
450,0.001037598
451,0.00100708
452,0.0006713867
453,0.0005493164
454,0.0007324219
455,0.0009155273
456,0.0007019043
457,0.0001525879
458,0.000213623
459,6.103516E-05
460,0.0006408691
461,0.001373291
462,0.001647949
463,0.001251221
464,0.0004272461
465,0.0003356934
466,0.000579834
467,0.000213623
468,0.0004882813
469,0.001251221
470,0.001495361
471,0.0009765625
472,3.051758E-05
473,0.00100708
474,0.001281738
475,0.0005187988
476,0.000793457
477,0.00177002
478,0.001678467
479,0.0003967285
480,0.001159668
481,0.00177002
482,0.00100708
483,0.000579834
484,0.001800537
485,0.001586914
486,3.051758E-05
487,0.001800537
488,0.002380371
489,0.001312256
490,0.0006103516
491,0.001831055
492,0.001403809
493,0.0003356934
494,0.002075195
495,0.002380371
496,0.001098633
497,0.0008239746
498,0.001800537
499,0.001159668
500,0.0005493164
501,0.001922607
502,0.001953125
503,0.0008544922
504,0.0003051758
505,0.0004882813
506,0.0003967285
507,0.001495361
508,0.001708984
509,0.0009460449
510,9.155273E-05
511,0
512,0.0009765625
513,0.00213623
514,0.002380371
515,0.001220703
516,0.0004577637
517,0.001251221
518,0.0005187988
519,0.001281738
520,0.002685547
521,0.002380371
522,0.0005493164
523,0.001434326
524,0.002044678
525,0.000793457
526,0.001373291
527,0.002716064
528,0.002288818
529,0.0003662109
530,0.001495361
531,0.001983643
532,0.0007019043
533,0.001220703
534,0.002288818
535,0.001678467
536,0.0001220703
537,0.001739502
538,0.001922607
539,0.000579834
540,0.001159668
541,0.001922607
542,0.001159668
543,0.0004882813
544,0.001617432
545,0.001312256
546,6.103516E-05
547,0.001373291
548,0.001586914
549,0.0006103516
550,0.0006713867
551,0.001190186
552,0.0006713867
553,0.0001831055
554,0.0005493164
555,0.000213623
556,0.0003356934
557,0.0004577637
558,6.103516E-05
559,0.0006103516
560,0.000579834
561,0.0001220703
562,0.0008544922
563,0.0008239746
564,6.103516E-05
565,0.001037598
566,0.001190186
567,0.0003662109
568,0.0007629395
569,0.001281738
570,0.0007629395
571,0.0001831055
572,0.0007019043
573,0.0004577637
574,0.0001831055
575,0.0004577637
576,0.000213623
577,9.155273E-05
578,3.051758E-05
579,0.0007019043
580,0.001190186
581,0.0007324219
582,0.0003662109
583,0.001220703
584,0.0008850098
585,0.000579834
586,0.002166748
587,0.002471924
588,0.001190186
589,0.0007019043
590,0.001586914
591,0.0007019043
592,0.001190186
593,0.002471924
594,0.002044678
595,0.0003051758
596,0.001312256
597,0.001556396
598,0.0003967285
599,0.001068115
600,0.001556396
601,0.0007629395
602,0.0004272461
603,0.0008544922
604,0.0001831055
605,0.001159668
606,0.001953125
607,0.001647949
608,0.0005493164
609,0.0003967285
610,0.0005187988
611,9.155273E-05
612,0.0009155273
613,0.001220703
614,0.0008850098
615,3.051758E-05
616,0.000579834
617,0.0006408691
618,9.155273E-05
619,0.0008239746
620,0.001403809
621,0.001281738
622,0.0004577637
623,0.0005187988
624,0.00100708
625,0.0005187988
626,0.0006103516
627,0.001495361
628,0.001312256
629,3.051758E-05
630,0.001403809
631,0.001831055
632,0.0007629395
633,0.0008850098
634,0.001800537
635,0.00100708
636,0.0008850098
637,0.002349854
638,0.001983643
639,3.051758E-05
640,0.001953125
641,0.002258301
642,0.0005493164
643,0.001831055
644,0.002838135
645,0.001556396
646,0.0009765625
647,0.002685547
648,0.002075195
649,0.0004272461
650,0.002746582
651,0.002929688
652,0.000793457
653,0.001861572
654,0.002868652
655,0.001342773
656,0.001373291
657,0.002960205
658,0.002044678
659,0.0007019043
660,0.003112793
661,0.003234863
662,0.00100708
663,0.001617432
664,0.002563477
665,0.00112915
666,0.001373291
667,0.002838135
668,0.00201416
669,0.0001831055
670,0.001922607
671,0.001708984
672,0.0001831055
673,0.002044678
674,0.002288818
675,0.0007324219
676,0.001190186
677,0.001739502
678,0.0004577637
679,0.001403809
680,0.002197266
681,0.00112915
682,0.0009460449
683,0.002166748
684,0.001464844
685,0.0005493164
686,0.002197266
687,0.001983643
688,9.155273E-05
689,0.00201416
690,0.002624512
691,0.001251221
692,0.0008850098
693,0.002105713
694,0.001525879
695,0.0002746582
696,0.001800537
697,0.001983643
698,0.0009460449
699,0.0003051758
700,0.0007629395
701,0.0002441406
702,0.0006103516
703,0.001037598
704,0.0008850098
705,0.0005187988
706,0.0004272461
707,0.0006103516
708,0.0007629395
709,0.0005187988
710,6.103516E-05
711,0.0005493164
712,0.0004882813
713,9.155273E-05
714,0.0007629395
715,0.0009765625
716,0.000579834
717,0.000213623
718,0.000793457
719,0.0006713867
720,0
721,0.000793457
722,0.001281738
723,0.00100708
724,0.0001220703
725,0.000793457
726,0.001220703
727,0.0009155273
728,3.051758E-05
729,0.0006713867
730,0.0008544922
731,0.0003356934
732,0.0004272461
733,0.0008239746
734,0.0006408691
735,0.0001220703
736,0.0002746582
737,0.0001831055
738,0.0001525879
739,0.0003356934
740,0.0001525879
741,0.0001525879
742,0.0001831055
743,0.0002441406
744,0.000793457
745,0.0009460449
746,0.0005493164
747,0.0001220703
748,0.0004272461
749,0.0001220703
750,0.0006103516
751,0.00112915
752,0.001037598
753,0.0004882813
754,3.051758E-05
755,0.0001220703
756,9.155273E-05
757,0.0002441406
758,0.0001831055
759,0.0001831055
760,0.0003967285
761,0.0002746582
762,0.0001525879
763,0.0004272461
764,0.0003356934
765,0.0001831055
766,0.0007324219
767,0.001037598
768,0.0009460449
769,0.0005187988
770,0.0001220703
771,0.0005187988
772,0.0004577637
773,0.000213623
774,0.001312256
775,0.002166748
776,0.00213623
777,0.001037598
778,0.0004882813
779,0.001281738
780,0.0005493164
781,0.001342773
782,0.003051758
783,0.003173828
784,0.001464844
785,0.0008239746
786,0.00201416
787,0.00112915
788,0.001068115
789,0.002838135
790,0.00289917
791,0.001220703
792,0.0007324219
793,0.001403809
794,0.0004272461
795,0.001159668
796,0.001922607
797,0.001342773
798,3.051758E-05
799,0.0007629395
800,0.0003967285
801,0.0007019043
802,0.001312256
803,0.0008850098
804,0.0003356934
805,0.001220703
806,0.0009460449
807,0.0002746582
808,0.001434326
809,0.001525879
810,0.0004577637
811,0.0008239746
812,0.001312256
813,0.0006408691
814,0.0004882813
815,0.001190186
816,0.0009765625
817,3.051758E-05
818,0.000793457
819,0.0009765625
820,0.0005493164
821,0.0001220703
822,0
823,0.0001831055
824,0.0003356934
825,0.0001831055
826,6.103516E-05
827,0.0001831055
828,0.0006713867
829,0.001037598
830,0.0008850098
831,0.0001220703
832,0.0007324219
833,0.0008850098
834,0.0001220703
835,0.00100708
836,0.001586914
837,0.001037598
838,0.0002441406
839,0.001159668
840,0.0009765625
841,9.155273E-05
842,0.001159668
843,0.001281738
844,0.0003967285
845,0.0006713867
846,0.0008850098
847,0.0002746582
848,0.0005187988
849,0.0006408691
850,6.103516E-05
851,0.0008239746
852,0.000793457
853,0.0001220703
854,0.001037598
855,0.0009155273
856,0.0003662109
857,0.00177002
858,0.00189209
859,0.0003662109
860,0.001708984
861,0.002502441
862,0.00112915
863,0.001434326
864,0.003234863
865,0.0027771
866,0.0003356934
867,0.002105713
868,0.002716064
869,0.001190186
870,0.00112915
871,0.002349854
872,0.001708984
873,6.103516E-05
874,0.001403809
875,0.001403809
876,0.0004272461
877,0.0003967285
878,0.0004577637
879,0.0001220703
880,0.0005493164
881,0.0003662109
882,0.0001220703
883,0.0002746582
884,0.0002441406
885,0.0009765625
886,0.001281738
887,0.0007324219
888,0.0001831055
889,0.0006713867
890,0.0003051758
891,0.0005493164
892,0.001190186
893,0.001068115
894,0.0004882813
895,3.051758E-05
896,0.0001831055
897,0.000793457
898,0.001190186
899,0.0009460449
900,0.0001831055
901,0.0003356934
902,6.103516E-05
903,0.0008239746
904,0.001708984
905,0.001739502
906,0.000793457
907,0.0004577637
908,0.00100708
909,0.0004272461
910,0.0008850098
911,0.00189209
912,0.001953125
913,0.00100708
914,0.0001220703
915,0.000579834
916,0.0001525879
917,0.0005493164
918,0.0008239746
919,0.0004882813
920,0.0001220703
921,0.0003967285
922,0.0001831055
923,9.155273E-05
924,3.051758E-05
925,0.0005187988
926,0.000793457
927,0.0003356934
928,0.0008239746
929,0.001678467
930,0.001434326
931,9.155273E-05
932,0.001861572
933,0.002441406
934,0.001373291
935,0.000579834
936,0.00177002
937,0.001220703
938,0.0006713867
939,0.002380371
940,0.002685547
941,0.001403809
942,0.0004272461
943,0.001434326
944,0.001098633
945,0.0001220703
946,0.001190186
947,0.001556396
948,0.00112915
949,0.0004882813
950,6.103516E-05
951,0.0003662109
952,0.0004272461
953,0.0001831055
954,0.0004577637
955,0.001251221
956,0.00177002
957,0.001403809
958,0.0003051758
959,0.0008544922
960,0.00112915
961,0.0003051758
962,0.00100708
963,0.001739502
964,0.001281738
965,6.103516E-05
966,0.0009765625
967,0.001037598
968,0.000213623
969,0.0006713867
970,0.0008850098
971,0.0003967285
972,0.0001831055
973,0.0001220703
974,0.0005187988
975,0.001098633
976,0.0008239746
977,0.000213623
978,0.001281738
979,0.001373291
980,0.0002746582
981,0.001220703
982,0.00177002
983,0.0009155273
984,0.000793457
985,0.001922607
986,0.001556396
987,0.0001220703
988,0.001831055
989,0.002166748
990,0.0008850098
991,0.00100708
992,0.002044678
993,0.001495361
994,3.051758E-05
995,0.001251221
996,0.001342773
997,0.0004577637
998,0.0004577637
999,0.0006408691
1000,6.103516E-05
1001,0.0004577637
1002,0.0003356934
1003,0.0003967285
1004,0.0009155273
1005,0.0006408691
1006,0.0003662109
1007,0.001312256
1008,0.001220703
1009,0.000213623
1010,0.0009460449
1011,0.001251221
1012,0.0004272461
1013,0.0007324219
1014,0.001251221
1015,0.0006713867
1016,0.0004882813
1017,0.001220703
1018,0.0008544922
1019,0.0001831055
1020,0.001037598
1021,0.0009155273
1022,6.103516E-05
1023,0.0006713867
1024,0.0006408691
1025,6.103516E-05
1026,0.0007629395
1027,0.0007019043
1028,0.0001525879
1029,0.001037598
1030,0.001159668
1031,0.0004272461
1032,0.0005187988
1033,0.0008850098
1034,0.0003967285
1035,0.0003356934
1036,0.0007629395
1037,0.0003967285
1038,0.0002441406
1039,0.0005493164
1040,0.000213623
1041,0.0004577637
1042,0.0008544922
1043,0.0007324219
1044,0.0003051758
1045,0
1046,0.0001525879
1047,0.0006103516
1048,0.0009155273
1049,0.0008544922
1050,0.0004577637
1051,0.0001220703
1052,0.0001525879
1053,0.0004577637
1054,0.0008544922
1055,0.001037598
1056,0.0009155273
1057,0.0005493164
1058,0.0002441406
1059,3.051758E-05
1060,6.103516E-05
1061,0.0001831055
1062,0.0003356934
1063,0.0003967285
1064,0.0004577637
1065,0.0004882813
1066,0.000579834
1067,0.0006408691
1068,0.000579834
1069,0.0003051758
1070,3.051758E-05
1071,0.0001220703
1072,0.0001525879
1073,0.0007324219
1074,0.001098633
1075,0.0008850098
1076,9.155273E-05
1077,0.0007019043
1078,0.0009765625
1079,0.0003356934
1080,0.0007019043
1081,0.001342773
1082,0.001159668
1083,0.0003051758
1084,0.0005493164
1085,0.0007324219
1086,0.000213623
1087,0.0005187988
1088,0.0008239746
1089,0.0005187988
1090,0
1091,0.0002441406
1092,3.051758E-05
1093,0.0004577637
1094,0.0006408691
1095,0.0002746582
1096,0.000213623
1097,0.0004577637
1098,0.0001220703
1099,0.0004577637
1100,0.0007629395
1101,0.0004882813
1102,0.000213623
1103,0.0008850098
1104,0.00100708
1105,0.0006713867
1106,0.0001220703
1107,0.0001220703
1108,6.103516E-05
1109,0.0003662109
1110,0.0004577637
1111,0.0002441406
1112,6.103516E-05
1113,0.0001525879
1114,6.103516E-05
1115,0.0003051758
1116,0.0003967285
1117,0.0002746582
1118,0.0001525879
1119,0.0003662109
1120,0.000793457
1121,0.001220703
1122,0.00112915
1123,0.0005187988
1124,0.000213623
1125,0.0004577637
1126,6.103516E-05
1127,0.0009155273
1128,0.001525879
1129,0.001312256
1130,0.0005187988
1131,0.0002746582
1132,0.0003662109
1133,0.0003662109
1134,0.001190186
1135,0.001464844
1136,0.0008850098
1137,9.155273E-05
1138,0.0006713867
1139,0.0003662109
1140,0.0005493164
1141,0.001403809
1142,0.001434326
1143,0.0006103516
1144,0.0003967285
1145,0.000793457
1146,0.0003356934
1147,0.0006103516
1148,0.001220703
1149,0.001037598
1150,0.0003051758
1151,0.0004577637
1152,0.0006408691
1153,0.000213623
1154,0.0003967285
1155,0.0006408691
1156,0.0004577637
1157,0.0001220703
1158,9.155273E-05
1159,0.0004577637
1160,0.0008544922
1161,0.000793457
1162,0.000213623
1163,0.0004882813
1164,0.0008544922
1165,0.0005187988
1166,0.000213623
1167,0.0008239746
1168,0.0008544922
1169,0.0003662109
1170,0.000213623
1171,0.0005493164
1172,0.0003967285
1173,9.155273E-05
1174,0.0005493164
1175,0.000793457
1176,0.0006713867
1177,0.000213623
1178,0.0004882813
1179,0.00100708
1180,0.001068115
1181,0.0004882813
1182,0.000579834
1183,0.001403809
1184,0.001373291
1185,0.0003662109
1186,0.0009155273
1187,0.001647949
1188,0.001220703
1189,0.0001525879
1190,0.0007019043
1191,0.0006408691
1192,0.0001220703
1193,0.0008850098
1194,0.0008850098
1195,9.155273E-05
1196,0.0006408691
1197,0.0006408691
1198,0.0001220703
1199,0.0009460449
1200,0.001068115
1201,0.0003967285
1202,0.0004577637
1203,0.0007324219
1204,0.0002746582
1205,0.0004272461
1206,0.0007324219
1207,0.0004272461
1208,6.103516E-05
1209,0.0001525879
1210,0.0001525879
1211,0.0004882813
1212,0.0003051758
1213,0.0002746582
1214,0.0007629395
1215,0.0004577637
1216,0.0005187988
1217,0.001403809
1218,0.001403809
1219,0.0003967285
1220,0.000793457
1221,0.001251221
1222,0.0004272461
1223,0.0008544922
1224,0.001495361
1225,0.00100708
1226,0.000213623
1227,0.00112915
1228,0.0009765625
1229,0
1230,0.0008850098
1231,0.0008544922
1232,0
1233,0.0008544922
1234,0.0008850098
1235,9.155273E-05
1236,0.0007629395
1237,0.0008239746
1238,3.051758E-05
1239,0.00100708
1240,0.001281738
1241,0.0006408691
1242,0.0002746582
1243,0.0006713867
1244,0.0001831055
1245,0.0006103516
1246,0.0008850098
1247,0.0003967285
1248,0.0004272461
1249,0.0008544922
1250,0.0003662109
1251,0.0004577637
1252,0.001037598
1253,0.0008239746
1254,6.103516E-05
1255,0.0005493164
1256,0.0005187988
1257,9.155273E-05
1258,0.000793457
1259,0.0009460449
1260,0.0004272461
1261,0.0003662109
1262,0.0008239746
1263,0.0007019043
1264,6.103516E-05
1265,0.000579834
1266,0.000793457
1267,0.0004882813
1268,9.155273E-05
1269,0.0004577637
1270,0.0003662109
1271,0.0001525879
1272,0.0006408691
1273,0.0007019043
1274,0.000213623
1275,0.000579834
1276,0.0009460449
1277,0.0006713867
1278,0.0001831055
1279,0.0009460449
1280,0.001068115
1281,0.0004272461
1282,0.0004577637
1283,0.0008850098
1284,0.0004882813
1285,0.0004577637
1286,0.001159668
1287,0.001159668
1288,0.0003051758
1289,0.0006713867
1290,0.001220703
1291,0.0009460449
1292,0.0001220703
1293,0.0007019043
1294,0.001037598
1295,0.0007629395
1296,9.155273E-05
1297,0.0005493164
1298,0.0009155273
1299,0.0008239746
1300,0.0004272461
1301,0.0001525879
1302,0.0006408691
1303,0.0007629395
1304,0.0005493164
1305,0
1306,0.000579834
1307,0.0008544922
1308,0.0006103516
1309,3.051758E-05
1310,0.0006713867
1311,0.0008850098
1312,0.0004272461
1313,0.0003967285
1314,0.00100708
1315,0.001037598
1316,0.0003967285
1317,0.000579834
1318,0.001220703
1319,0.001220703
1320,0.0005493164
1321,0.0002441406
1322,0.0008239746
1323,0.0009155273
1324,0.0006103516
1325,0.0001831055
1326,0.0001525879
1327,0.0002746582
1328,0.000213623
1329,3.051758E-05
1330,0.0002441406
1331,0.0005187988
1332,0.0007019043
1333,0.0006408691
1334,0.0003662109
1335,3.051758E-05
1336,0.0003051758
1337,0.0002441406
1338,0.0001220703
1339,0.0006713867
1340,0.001068115
1341,0.001068115
1342,0.0006408691
1343,3.051758E-05
1344,0.0004272461
1345,0.0004882813
1346,0.000213623
1347,0.0003051758
1348,0.0007324219
1349,0.0008544922
1350,0.0006713867
1351,0.0003051758
1352,3.051758E-05
1353,0.0002441406
1354,0.0002441406
1355,9.155273E-05
1356,0.000213623
1357,0.0004882813
1358,0.000579834
1359,0.0004272461
1360,3.051758E-05
1361,0.0006103516
1362,0.0009155273
1363,0.0006408691
1364,0.0001220703
1365,0.0009460449
1366,0.001312256
1367,0.0008544922
1368,0.0001831055
1369,0.00112915
1370,0.001312256
1371,0.000579834
1372,0.0005187988
1373,0.001281738
1374,0.001098633
1375,0.000213623
1376,0.0007019043
1377,0.0009765625
1378,0.0005187988
1379,0.0003051758
1380,0.000793457
1381,0.0006713867
1382,6.103516E-05
1383,0.0004577637
1384,0.0004882813
1385,6.103516E-05
1386,0.0004272461
1387,0.000579834
1388,0.0003051758
1389,0.0002441406
1390,0.0006103516
1391,0.0004882813
1392,3.051758E-05
1393,0.0003662109
1394,0.0002441406
1395,0.0003662109
1396,0.001190186
1397,0.001495361
1398,0.00100708
1399,0.0001525879
1400,0.00112915
1401,0.001220703
1402,0.0001831055
1403,0.001251221
1404,0.002044678
1405,0.001586914
1406,0.0001220703
1407,0.001281738
1408,0.001586914
1409,0.0007324219
1410,0.0006103516
1411,0.001281738
1412,0.00100708
1413,0.000213623
1414,0.0003356934
1415,0.000213623
1416,0.000213623
1417,0.0003967285
1418,0.0001525879
1419,0.0001831055
1420,0.0001220703
1421,0.0004882813
1422,0.00100708
1423,0.0007629395
1424,0.0002441406
1425,0.001312256
1426,0.001495361
1427,0.0005493164
1428,0.0008850098
1429,0.001678467
1430,0.001251221
1431,9.155273E-05
1432,0.0008850098
1433,0.0008239746
1434,0
1435,0.0007629395
1436,0.0008850098
1437,0.0003051758
1438,0.000213623
1439,0.0001831055
1440,0.0003662109
1441,0.000793457
1442,0.0005493164
1443,0.000213623
1444,0.0007324219
1445,0.0003662109
1446,0.0006103516
1447,0.001495361
1448,0.001495361
1449,0.0005493164
1450,0.0005187988
1451,0.0008544922
1452,0.0002441406
1453,0.0007019043
1454,0.001220703
1455,0.0009460449
1456,0.0002441406
1457,0.0001525879
1458,0
1459,0.0002746582
1460,0.0001525879
1461,0.0003051758
1462,0.0007019043
1463,0.0004577637
1464,0.0002746582
1465,0.0009155273
1466,0.0006713867
1467,0.0003051758
1468,0.001190186
1469,0.001098633
1470,0
1471,0.001281738
1472,0.001556396
1473,0.0004882813
1474,0.001068115
1475,0.00177002
1476,0.00100708
1477,0.0005187988
1478,0.001525879
1479,0.001068115
1480,0.0003967285
1481,0.001708984
1482,0.001739502
1483,0.0005187988
1484,0.0008850098
1485,0.001281738
1486,0.0003356934
1487,0.00112915
1488,0.002044678
1489,0.00177002
1490,0.0005187988
1491,0.0007019043
1492,0.00112915
1493,0.0006713867
1494,0.0002441406
1495,0.0008544922
1496,0.0009765625
1497,0.0006408691
1498,0.0001831055
1499,0.0001220703
1500,0.000213623
1501,0.0002441406
1502,0.0001220703
1503,6.103516E-05
1504,0.0004577637
1505,0.000793457
1506,0.00100708
1507,0.0007629395
1508,0.0001525879
1509,0.0003967285
1510,0.0004577637
1511,3.051758E-05
1512,0.0006408691
1513,0.001098633
1514,0.0009155273
1515,0.0002441406
1516,0.0004272461
1517,0.000793457
1518,0.0006408691
1519,0.0001220703
1520,0.0004577637
1521,0.0007629395
1522,0.0008544922
1523,0.0007629395
1524,0.0005187988
1525,0.0001220703
1526,0.0003051758
1527,0.000579834
1528,0.0005187988
1529,3.051758E-05
1530,0.0007324219
1531,0.001098633
1532,0.0009155273
1533,0.0001220703
1534,0.0007629395
1535,0.001190186
1536,0.0008544922
1537,3.051758E-05
1538,0.0009155273
1539,0.001342773
1540,0.001037598
1541,0.000213623
1542,0.000579834
1543,0.0009765625
1544,0.0008239746
1545,0.0002746582
1546,0.0003662109
1547,0.000793457
1548,0.0008544922
1549,0.0006103516
1550,9.155273E-05
1551,0.0003967285
1552,0.0006408691
1553,0.0005187988
1554,9.155273E-05
1555,0.0004272461
1556,0.0007324219
1557,0.0006408691
1558,0.000213623
1559,0.0002746582
1560,0.0005493164
1561,0.0003967285
1562,0
1563,0.0005187988
1564,0.0006713867
1565,0.0004882813
1566,6.103516E-05
1567,0.0002441406
1568,0.0002441406
1569,3.051758E-05
1570,0.0003051758
1571,0.0003356934
1572,3.051758E-05
1573,0.0003967285
1574,0.000579834
1575,0.0003967285
1576,0.0001220703
1577,0.0003967285
1578,0.0001525879
1579,0.0005187988
1580,0.001190186
1581,0.001251221
1582,0.0006103516
1583,0.0003967285
1584,0.0009460449
1585,0.0006103516
1586,0.0003967285
1587,0.001434326
1588,0.001708984
1589,0.001037598
1590,3.051758E-05
1591,0.0007324219
1592,0.0006103516
1593,0.000213623
1594,0.00100708
1595,0.001220703
1596,0.0008544922
1597,0.0002441406
1598,0.000213623
1599,0.000213623
1600,6.103516E-05
1601,0.0002746582
1602,0.0003051758
1603,0.0001831055
1604,6.103516E-05
1605,0.0001220703
1606,0.0002746582
1607,0.0003662109
1608,0.0004272461
1609,0.0003662109
1610,0.0003051758
1611,0.0003051758
1612,0.0003356934
1613,0.0003356934
1614,0.0003356934
1615,0.0003662109
1616,0.0004577637
1617,0.0005187988
1618,0.0004882813
1619,0.0003356934
1620,0.0001220703
1621,3.051758E-05
1622,6.103516E-05
1623,6.103516E-05
1624,0.0003051758
1625,0.0004882813
1626,0.0005187988
1627,0.0004272461
1628,0.0002441406
1629,3.051758E-05
1630,0.0001220703
1631,0.0001525879
1632,0
1633,0.0003051758
1634,0.000579834
1635,0.0007019043
1636,0.0004577637
1637,0
1638,0.0004577637
1639,0.000579834
1640,0.0002746582
1641,0.0002746582
1642,0.0006713867
1643,0.000579834
1644,6.103516E-05
1645,0.0004882813
1646,0.0007019043
1647,0.0004272461
1648,0.0001220703
1649,0.0003967285
1650,0.0002441406
1651,0.0002441406
1652,0.0006103516
1653,0.000579834
1654,0.0001831055
1655,0.0001831055
1656,0.0001831055
1657,0.0001831055
1658,0.000579834
1659,0.0006408691
1660,0.0003051758
1661,0.0001220703
1662,0.0002746582
1663,0
1664,0.0004577637
1665,0.0007629395
1666,0.0006713867
1667,0.0003051758
1668,6.103516E-05
1669,9.155273E-05
1670,0.0001525879
1671,0.0004882813
1672,0.0006713867
1673,0.0006103516
1674,0.0003967285
1675,0.0001220703
1676,9.155273E-05
1677,0.0001525879
1678,3.051758E-05
1679,0.0004272461
1680,0.0008544922
1681,0.001068115
1682,0.0008239746
1683,0.0002746582
1684,0.0001831055
1685,0.0001525879
1686,0.0004272461
1687,0.00112915
1688,0.001434326
1689,0.0009765625
1690,3.051758E-05
1691,0.0007324219
1692,0.0007324219
1693,0
1694,0.0008544922
1695,0.001098633
1696,0.0006103516
1697,0.000213623
1698,0.0007324219
1699,0.000579834
1700,9.155273E-05
1701,0.0006408691
1702,0.0007324219
1703,0.0002746582
1704,0.0001831055
1705,0.0003356934
1706,3.051758E-05
1707,0.0003356934
1708,0.0003967285
1709,0.000213623
1710,0
1711,3.051758E-05
1712,0.0004272461
1713,0.0007629395
1714,0.0006713867
1715,0.0002441406
1716,0.0002746582
1717,0.0004272461
1718,0.0001220703
1719,0.0003967285
1720,0.0006713867
1721,0.0004577637
1722,0.0001831055
1723,0.0006713867
1724,0.0007019043
1725,0.0001831055
1726,0.0004272461
1727,0.0007324219
1728,0.0006103516
1729,0.0001831055
1730,0.0001220703
1731,0.0001525879
1732,0.0001220703
1733,0.0003662109
1734,0.0004272461
1735,0.000213623
1736,3.051758E-05
1737,0.0001525879
1738,6.103516E-05
1739,0.0001831055
1740,0.0003051758
1741,0.000213623
1742,6.103516E-05
1743,0.0003051758
1744,0.0002746582
1745,3.051758E-05
1746,0.0005187988
1747,0.0008544922
1748,0.0007324219
1749,0.0001525879
1750,0.0005493164
1751,0.0009460449
1752,0.0006408691
1753,0.0001220703
1754,0.0008850098
1755,0.001098633
1756,0.0004882813
1757,0.0004882813
1758,0.001190186
1759,0.001037598
1760,0.0001831055
1761,0.0008850098
1762,0.001281738
1763,0.0009155273
1764,3.051758E-05
1765,0.0008239746
1766,0.0009765625
1767,0.0004882813
1768,0.0002441406
1769,0.0005493164
1770,0.0003967285
1771,0.0001525879
1772,0.0007019043
1773,0.000793457
1774,0.000579834
1775,0.000213623
1776,3.051758E-05
1777,3.051758E-05
1778,0.0001525879
1779,0.0003051758
1780,0.0003356934
1781,0.0001831055
1782,6.103516E-05
1783,6.103516E-05
1784,0.0002441406
1785,0.0004577637
1786,0.0006103516
1787,0.0005187988
1788,0.0002746582
1789,0
1790,9.155273E-05
1791,0.0001220703
1792,0.0005187988
1793,0.0007324219
1794,0.0007019043
1795,0.0003967285
1796,9.155273E-05
1797,3.051758E-05
1798,0.000213623
1799,0.0003967285
1800,0.0003051758
1801,9.155273E-05
1802,3.051758E-05
1803,0.0002441406
1804,0.000793457
1805,0.001281738
1806,0.001159668
1807,0.0004272461
1808,0.0003356934
1809,0.0006408691
1810,0.0001525879
1811,0.000793457
1812,0.001434326
1813,0.001159668
1814,0.000213623
1815,0.0007324219
1816,0.0008544922
1817,0.0001220703
1818,0.0008850098
1819,0.001403809
1820,0.001037598
1821,0.0001831055
1822,0.0004882813
1823,0.0003967285
1824,0.0003051758
1825,0.0009460449
1826,0.001037598
1827,0.0004272461
1828,0.0003051758
1829,0.0006103516
1830,0.0002746582
1831,0.0003662109
1832,0.0008239746
1833,0.0007629395
1834,0.0003356934
1835,6.103516E-05
1836,0.0001525879
1837,0.0001525879
1838,0.0004882813
1839,0.0006408691
1840,0.0004577637
1841,0.0001220703
1842,0.0001831055
1843,0.0003356934
1844,0.0003356934
1845,0.0001525879
1846,0.0001220703
1847,0.0004882813
1848,0.0006103516
1849,0.0005187988
1850,0.0001525879
1851,0.0003051758
1852,0.0005187988
1853,0.0003662109
1854,6.103516E-05
1855,0.0004272461
1856,0.0004882813
1857,0.0001831055
1858,0.0002441406
1859,0.0004272461
1860,0.0003356934
1861,9.155273E-05
1862,9.155273E-05
1863,0.0001220703
1864,9.155273E-05
1865,0.0001525879
1866,0.0002746582
1867,0.0001525879
1868,0.000213623
1869,0.0006408691
1870,0.0006713867
1871,0.0001220703
1872,0.0007019043
1873,0.001190186
1874,0.000793457
1875,0.0002441406
1876,0.001159668
1877,0.001159668
1878,0.0003051758
1879,0.0007629395
1880,0.00112915
1881,0.0004272461
1882,0.0006408691
1883,0.001159668
1884,0.0007019043
1885,0.0002746582
1886,0.0007629395
1887,0.0002746582
1888,0.0007019043
1889,0.001281738
1890,0.0007324219
1891,0.0005187988
1892,0.001251221
1893,0.000793457
1894,0.000579834
1895,0.00177002
1896,0.001708984
1897,0.0004882813
1898,0.0008850098
1899,0.001159668
1900,0.0001831055
1901,0.001190186
1902,0.001739502
1903,0.001098633
1904,0.0001220703
1905,0.000793457
1906,0.0004577637
1907,0.0003967285
1908,0.0008850098
1909,0.000579834
1910,6.103516E-05
1911,0.0001525879
1912,0.0004882813
1913,0.001403809
1914,0.001647949
1915,0.0008239746
1916,0.0004272461
1917,0.001098633
1918,0.0004272461
1919,0.00100708
1920,0.00201416
1921,0.001708984
1922,0.0003356934
1923,0.001098633
1924,0.001312256
1925,0.0001831055
1926,0.001403809
1927,0.00213623
1928,0.001495361
1929,3.051758E-05
1930,0.00112915
1931,0.001037598
1932,6.103516E-05
1933,0.001190186
1934,0.001403809
1935,0.0004882813
1936,0.000579834
1937,0.0009765625
1938,0.0002746582
1939,0.0009765625
1940,0.001739502
1941,0.001464844
1942,0.0002746582
1943,0.0007324219
1944,0.0008850098
1945,0.0001220703
1946,0.0008239746
1947,0.001220703
1948,0.0007019043
1949,0.000213623
1950,0.0008544922
1951,0.0007629395
1952,0
1953,0.0007324219
1954,0.0009155273
1955,0.0004577637
1956,0.0002746582
1957,0.0007019043
1958,0.0006103516
1959,9.155273E-05
1960,0.0004272461
1961,0.0005187988
1962,0.0001831055
1963,0.0003356934
1964,0.0007019043
1965,0.0007019043
1966,0.0003662109
1967,6.103516E-05
1968,3.051758E-05
1969,0.0001525879
1970,0.0003051758
1971,0.000213623
1972,6.103516E-05
1973,0.0003051758
1974,0.0001525879
1975,0.0003662109
1976,0.0008239746
1977,0.0007629395
1978,0
1979,0.0007324219
1980,0.0008239746
1981,6.103516E-05
1982,0.001342773
1983,0.00201416
1984,0.001464844
1985,3.051758E-05
1986,0.001159668
1987,0.001037598
1988,0.0003356934
1989,0.00189209
1990,0.002380371
1991,0.001312256
1992,0.0004272461
1993,0.001342773
1994,0.0007629395
1995,0.0008239746
1996,0.002075195
1997,0.001953125
1998,0.0006103516
1999,0.0007629395
2000,0.00100708
2001,6.103516E-05
2002,0.001190186
2003,0.001678467
2004,0.00100708
2005,9.155273E-05
2006,0.0006408691
2007,0.0002441406
2008,0.0006408691
2009,0.001190186
2010,0.0009155273
2011,0.000213623
2012,0.000213623
2013,3.051758E-05
2014,0.0006713867
2015,0.0009460449
2016,0.0005187988
2017,0.0002441406
2018,0.0006103516
2019,0.0002441406
2020,0.000579834
2021,0.00112915
2022,0.0007324219
2023,0.0003051758
2024,0.001068115
2025,0.0009765625
2026,0.0001220703
2027,0.001251221
2028,0.001464844
2029,0.0006103516
2030,0.000579834
2031,0.001068115
2032,0.0004882813
2033,0.0006103516
2034,0.001312256
2035,0.0009460449
2036,0.0001831055
2037,0.001159668
2038,0.001220703
2039,0.0003662109
2040,0.000579834
2041,0.0008850098
2042,0.0003662109
2043,0.0005187988
2044,0.00100708
2045,0.0007629395
2046,9.155273E-05
2047,0.0003967285
2048,0.0003662109
2049,0.0001525879
2050,0.0007019043
2051,0.0008239746
2052,0.0005187988
2053,3.051758E-05
2054,0.0003051758
2055,0.0003356934
2056,6.103516E-05
2057,0.0003051758
2058,0.0006103516
2059,0.0006713867
2060,0.0004577637
2061,0.0001220703
2062,0.0001525879
2063,0.0001525879
2064,9.155273E-05
2065,0.000579834
2066,0.0008544922
2067,0.000793457
2068,0.0003356934
2069,0.0001831055
2070,0.0003967285
2071,0.0001220703
2072,0.0004272461
2073,0.0009155273
2074,0.001037598
2075,0.0007629395
2076,0.0003662109
2077,0.0001220703
2078,0.0001220703
2079,0.0002746582
2080,0.0003967285
2081,0.000579834
2082,0.0007324219
2083,0.000793457
2084,0.0007629395
2085,0.0004272461
2086,3.051758E-05
2087,0.0001831055
2088,0
2089,0.0004577637
2090,0.0009155273
2091,0.0009155273
2092,0.0003967285
2093,0.000213623
2094,0.0004272461
2095,6.103516E-05
2096,0.0007019043
2097,0.001159668
2098,0.001068115
2099,0.0004272461
2100,6.103516E-05
2101,0
2102,0.000579834
2103,0.001190186
2104,0.001312256
2105,0.0008544922
2106,0.0001831055
2107,9.155273E-05
2108,0.000213623
2109,0.000793457
2110,0.00112915
2111,0.0008850098
2112,0.0002746582
2113,0.0002441406
2114,0.000213623
2115,0.0003051758
2116,0.0007629395
2117,0.0008850098
2118,0.0006713867
2119,0.0002746582
2120,0.0001220703
2121,0.0002746582
2122,0.0004882813
2123,0.0005187988
2124,0.0003662109
2125,0.0001831055
2126,0.0002441406
2127,0.0004577637
2128,0.0006103516
2129,0.0004577637
2130,0.0001220703
2131,0.0002441406
2132,0.0002441406
2133,0.0001525879
2134,0.0006713867
2135,0.0008850098
2136,0.0006103516
2137,6.103516E-05
2138,0.0003356934
2139,0.0002441406
2140,0.0001831055
2141,0.0005493164
2142,0.0006103516
2143,0.0002441406
2144,0.0001220703
2145,0.0002441406
2146,6.103516E-05
2147,0.000213623
2148,0.0002441406
2149,3.051758E-05
2150,0.0003051758
2151,0.0004272461
2152,0.0001831055
2153,6.103516E-05
2154,0.0001525879
2155,9.155273E-05
2156,0.0004272461
2157,0.000579834
2158,0.0004577637
2159,6.103516E-05
2160,0.0001831055
2161,0.0001220703
2162,0.0001831055
2163,0.0005187988
2164,0.0006713867
2165,0.0007019043
2166,0.0006408691
2167,0.000579834
2168,0.0004882813
2169,0.0003662109
2170,0.0002441406
2171,0.0002746582
2172,0.0004577637
2173,0.0007324219
2174,0.0008239746
2175,0.0007629395
2176,0.0004577637
2177,0.0002746582
2178,0.0003356934
2179,0.0005187988
2180,0.0007019043
2181,0.000579834
2182,0.0002746582
2183,0
2184,0
2185,0.0003051758
2186,0.0005493164
2187,0.0006103516
2188,0.0003967285
2189,6.103516E-05
2190,0
2191,0.0002746582
2192,0.0006713867
2193,0.0009460449
2194,0.000793457
2195,0.0004272461
2196,6.103516E-05
2197,0
2198,0.0002746582
2199,0.0007019043
2200,0.0009460449
2201,0.0008850098
2202,0.000579834
2203,0.0002746582
2204,0.000213623
2205,0.0004272461
2206,0.000793457
2207,0.001098633
2208,0.001098633
2209,0.000793457
2210,0.0003967285
2211,9.155273E-05
2212,0
2213,9.155273E-05
2214,0.0002441406
2215,0.0003662109
2216,0.0003967285
2217,0.0002746582
2218,0.000213623
2219,0.0001831055
2220,0.000213623
2221,0.0003051758
2222,0.0004272461
2223,0.0004272461
2224,0.0004272461
2225,0.0003662109
2226,0.0002441406
2227,0.0001525879
2228,0.0001525879
2229,0.0002441406
2230,0.0003356934
2231,0.0003967285
2232,0.0003356934
2233,0.0002746582
2234,0.0001831055
2235,0.0001525879
2236,0.0001220703
2237,0.0001831055
2238,0.0001831055
2239,0.0001525879
2240,0.0001220703
2241,6.103516E-05
2242,6.103516E-05
2243,0.0001220703
2244,0.000213623
2245,0.0003051758
2246,0.0003356934
2247,0.0003051758
2248,6.103516E-05
2249,0.0001220703
2250,0.0003051758
2251,0.0002441406
2252,0
2253,0.0002746582
2254,0.0003356934
2255,6.103516E-05
2256,0.0004882813
2257,0.0008239746
2258,0.0007629395
2259,0.0002441406
2260,0.0004272461
2261,0.0007324219
2262,0.0003967285
2263,0.0003662109
2264,0.001098633
2265,0.001220703
2266,0.0007324219
2267,0
2268,0.0003662109
2269,6.103516E-05
2270,0.000793457
2271,0.001464844
2272,0.001434326
2273,0.0007019043
2274,0.000213623
2275,0.0006408691
2276,0.0003051758
2277,0.0004882813
2278,0.001159668
2279,0.001190186
2280,0.0006408691
2281,3.051758E-05
2282,0.0001525879
2283,0.000213623
2284,0.000793457
2285,0.001159668
2286,0.00100708
2287,0.0006103516
2288,0.0003356934
2289,0.0003662109
2290,0.0005187988
2291,0.0006103516
2292,0.0004272461
2293,0.000213623
2294,0.0002441406
2295,0.000579834
2296,0.00100708
2297,0.001037598
2298,0.000579834
2299,6.103516E-05
2300,0.0003051758
2301,0.0001525879
2302,0.0009460449
2303,0.001495361
2304,0.001342773
2305,0.0006103516
2306,6.103516E-05
2307,0.0001831055
2308,0.0003356934
2309,0.00100708
2310,0.001190186
2311,0.0007324219
2312,9.155273E-05
2313,0.0001525879
2314,6.103516E-05
2315,0.0005187988
2316,0.0006713867
2317,0.0004272461
2318,9.155273E-05
2319,0.0003051758
2320,0.0001525879
2321,0.0001831055
2322,0.0003356934
2323,6.103516E-05
2324,0.0003051758
2325,0.0004882813
2326,0.0003051758
2327,0
2328,0.0001220703
2329,0.0001220703
2330,0.0003662109
2331,0.0004272461
2332,9.155273E-05
2333,0.0001831055
2334,0.0001220703
2335,0.0002746582
2336,0.0007019043
2337,0.0007324219
2338,0.0003051758
2339,0.000213623
2340,0.0003356934
2341,6.103516E-05
2342,0.0006713867
2343,0.0009460449
2344,0.0007324219
2345,0.0002441406
2346,0
2347,0.000213623
2348,0.0006103516
2349,0.0008850098
2350,0.0007019043
2351,0.0003662109
2352,0.0002441406
2353,0.0005493164
2354,0.00100708
2355,0.001159668
2356,0.0008239746
2357,0.000213623
2358,3.051758E-05
2359,0.0002746582
2360,0.0008850098
2361,0.001251221
2362,0.001037598
2363,0.0004577637
2364,0.0001220703
2365,0.0003967285
2366,0.001037598
2367,0.001434326
2368,0.001190186
2369,0.0004577637
2370,9.155273E-05
2371,3.051758E-05
2372,0.0007629395
2373,0.001312256
2374,0.001068115
2375,0.0001525879
2376,0.0007019043
2377,0.0007019043
2378,0.0002746582
2379,0.001373291
2380,0.001739502
2381,0.001068115
2382,6.103516E-05
2383,0.0006408691
2384,0.0002441406
2385,0.0007019043
2386,0.001373291
2387,0.001098633
2388,0.000213623
2389,0.0004272461
2390,0.0002441406
2391,0.0004882813
2392,0.001037598
2393,0.0007629395
2394,3.051758E-05
2395,0.000579834
2396,0.0003051758
2397,0.0006713867
2398,0.001434326
2399,0.001190186
2400,6.103516E-05
2401,0.001098633
2402,0.001281738
2403,0.0003967285
2404,0.0008850098
2405,0.001403809
2406,0.0008544922
2407,0.0003051758
2408,0.00112915
2409,0.0009765625
2410,9.155273E-05
2411,0.0006713867
2412,0.0007019043
2413,6.103516E-05
2414,0.0006713867
2415,0.0008544922
2416,0.0005187988
2417,3.051758E-05
2418,0.0002746582
2419,6.103516E-05
2420,0.0003051758
2421,0.0004272461
2422,0.0002746582
2423,3.051758E-05
2424,0.0001220703
2425,6.103516E-05
2426,0.0003662109
2427,0.0004882813
2428,0.0003051758
2429,0.0001220703
2430,0
2431,0.0001220703
2432,0.0002441406
2433,0.0002746582
2434,9.155273E-05
2435,0.0001220703
2436,0.0001525879
2437,0.0001220703
2438,0.0004577637
2439,0.000579834
2440,0.0003662109
2441,6.103516E-05
2442,0.0003662109
2443,0.0003662109
2444,3.051758E-05
2445,0.0004882813
2446,0.000793457
2447,0.0007324219
2448,0.0003051758
2449,0.0001525879
2450,0.0003356934
2451,0.0001220703
2452,0.0003051758
2453,0.0007629395
2454,0.0009155273
2455,0.0006713867
2456,0.0002441406
2457,9.155273E-05
2458,0.0001525879
2459,6.103516E-05
2460,0.0003967285
2461,0.0006713867
2462,0.0007019043
2463,0.0004882813
2464,0.0001831055
2465,6.103516E-05
2466,9.155273E-05
2467,6.103516E-05
2468,0.0003051758
2469,0.0004577637
2470,0.0004882813
2471,0.0004272461
2472,0.0003356934
2473,0.0002746582
2474,0.0002746582
2475,0.0003662109
2476,0.0003662109
2477,0.0003967285
2478,0.0004882813
2479,0.0005493164
2480,0.0005493164
2481,0.0005493164
2482,0.0004272461
2483,0.0002746582
2484,0.000213623
2485,0.000213623
2486,0.0003356934
2487,0.0004882813
2488,0.0005187988
2489,0.0003967285
2490,0.0002441406
2491,0.0001220703
2492,0.0001831055
2493,0.0002746582
2494,0.0003356934
2495,0.0002441406
2496,6.103516E-05
2497,6.103516E-05
2498,6.103516E-05
2499,0.0001220703
2500,0.0003967285
2501,0.0004882813
2502,0.0003051758
2503,0
2504,0.000213623
2505,0.0001220703
2506,0.0001831055
2507,0.0005493164
2508,0.0006103516
2509,0.0003662109
2510,0
2511,0.0002441406
2512,0.0001525879
2513,9.155273E-05
2514,0.000213623
2515,9.155273E-05
2516,0.0001831055
2517,0.0003662109
2518,0.000213623
2519,0.0001525879
2520,0.0004577637
2521,0.0004272461
2522,0.0001220703
2523,0.0002441406
2524,0.0003051758
2525,0
2526,0.0003967285
2527,0.0005187988
2528,0.0002441406
2529,0.0001831055
2530,0.0005187988
2531,0.0004577637
2532,0.0001525879
2533,0.0001220703
2534,0.000213623
2535,6.103516E-05
2536,9.155273E-05
2537,0.000213623
2538,0.0002746582
2539,0.0003356934
2540,0.0004882813
2541,0.0005493164
2542,0.0003356934
2543,3.051758E-05
2544,0.0002746582
2545,0.0002441406
2546,0.0001525879
2547,0.0006408691
2548,0.000793457
2549,0.0005493164
2550,6.103516E-05
2551,0.0002746582
2552,0.0001525879
2553,0.0002441406
2554,0.0006408691
2555,0.0007629395
2556,0.0005187988
2557,0.0001525879
2558,6.103516E-05
2559,6.103516E-05
2560,0.0001220703
2561,0.0002746582
2562,0.0004272461
2563,0.0005493164
2564,0.000579834
2565,0.0005493164
2566,0.0003967285
2567,0.0001525879
2568,3.051758E-05
2569,9.155273E-05
2570,9.155273E-05
2571,0.0003356934
2572,0.0004882813
2573,0.0003662109
2574,3.051758E-05
2575,0.0002441406
2576,0.0002441406
2577,3.051758E-05
2578,0.0003356934
2579,0.0004577637
2580,0.0003356934
2581,6.103516E-05
2582,9.155273E-05
2583,6.103516E-05
2584,0.0001525879
2585,0.0003662109
2586,0.0003662109
2587,0.0001831055
2588,9.155273E-05
2589,0.0002746582
2590,0.0003051758
2591,0.000213623
2592,3.051758E-05
2593,9.155273E-05
2594,0.0001220703
2595,3.051758E-05
2596,0.0001220703
2597,0.0003356934
2598,0.0003662109
2599,0.000213623
2600,3.051758E-05
2601,0.0002746582
2602,0.0003051758
2603,3.051758E-05
2604,0.0003356934
2605,0.000579834
2606,0.0004882813
2607,9.155273E-05
2608,0.0003051758
2609,0.0004577637
2610,0.0001525879
2611,0.0003051758
2612,0.0006408691
2613,0.0005493164
2614,0.0001831055
2615,0.0001831055
2616,0.0002441406
2617,3.051758E-05
2618,0.0003967285
2619,0.0006103516
2620,0.0005187988
2621,0.000213623
2622,6.103516E-05
2623,0.000213623
2624,0.0001831055
2625,0.0001220703
2626,6.103516E-05
2627,6.103516E-05
2628,3.051758E-05
2629,6.103516E-05
2630,0.000213623
2631,0.0003051758
2632,0.0002746582
2633,0.000213623
2634,6.103516E-05
2635,0
2636,3.051758E-05
2637,0
2638,3.051758E-05
2639,6.103516E-05
2640,6.103516E-05
2641,3.051758E-05
2642,3.051758E-05
2643,0
2644,0
2645,3.051758E-05
2646,0.0001220703
2647,0.0001525879
2648,9.155273E-05
2649,3.051758E-05
2650,0.000213623
2651,0.0003051758
2652,0.0001831055
2653,6.103516E-05
2654,0.0002746582
2655,0.0003662109
2656,0.000213623
2657,3.051758E-05
2658,0.0001525879
2659,0.0001220703
2660,0
2661,0.0001220703
2662,9.155273E-05
2663,3.051758E-05
2664,0.0001220703
2665,9.155273E-05
2666,0
2667,9.155273E-05
2668,6.103516E-05
2669,6.103516E-05
2670,9.155273E-05
2671,0
2672,0.0001525879
2673,0.000213623
2674,3.051758E-05
2675,0.0002441406
2676,0.0003662109
2677,0.0002441406
2678,9.155273E-05
2679,0.0003967285
2680,0.0003967285
2681,0.0001220703
2682,0.0002441406
2683,0.0003967285
2684,0.0002441406
2685,0.0001220703
2686,0.0003662109
2687,0.0003662109
2688,0.0001831055
2689,3.051758E-05
2690,0.0001831055
2691,0.0001525879
2692,6.103516E-05
2693,3.051758E-05
2694,3.051758E-05
2695,3.051758E-05
2696,6.103516E-05
2697,9.155273E-05
2698,3.051758E-05
2699,9.155273E-05
2700,0.0001525879
2701,6.103516E-05
2702,0.0001831055
2703,0.0003356934
2704,0.0003051758
2705,3.051758E-05
2706,0.0001831055
2707,0.0002746582
2708,0.0001220703
2709,0.0001525879
2710,0.0003051758
2711,0.000213623
2712,3.051758E-05
2713,0.000213623
2714,0.0001831055
2715,3.051758E-05
2716,0.0001831055
2717,0.0001831055
2718,0
2719,0.000213623
2720,0.000213623
2721,3.051758E-05
2722,0.0002441406
2723,0.0003051758
2724,0.0001831055
2725,6.103516E-05
2726,0.0001525879
2727,3.051758E-05
2728,0.000213623
2729,0.0003356934
2730,0.0003051758
2731,9.155273E-05
2732,9.155273E-05
2733,0.0001220703
2734,3.051758E-05
2735,9.155273E-05
2736,0.0001220703
2737,0
2738,0
2739,3.051758E-05
2740,0.0001525879
2741,0.0002441406
2742,0.0001525879
2743,3.051758E-05
2744,0.0001525879
2745,9.155273E-05
2746,0.0001525879
2747,0.0002746582
2748,0.000213623
2749,3.051758E-05
2750,0.0001220703
2751,3.051758E-05
2752,9.155273E-05
2753,0.000213623
2754,0.0001525879
2755,6.103516E-05
2756,0.0001525879
2757,9.155273E-05
2758,9.155273E-05
2759,0.0001525879
2760,6.103516E-05
2761,0.0003967285
2762,0.000579834
2763,0.0003967285
2764,9.155273E-05
2765,0.0004272461
2766,0.0003356934
2767,0.0001831055
2768,0.0006408691
2769,0.0006713867
2770,0.0001220703
2771,0.0004882813
2772,0.0007019043
2773,0.0003051758
2774,0.0004577637
2775,0.0009155273
2776,0.0007629395
2777,0.0001831055
2778,0.0003356934
2779,0.0003662109
2780,0.0001525879
2781,0.000579834
2782,0.0006713867
2783,0.0003356934
2784,3.051758E-05
2785,6.103516E-05
2786,0.0002746582
2787,0.0005493164
2788,0.0004272461
2789,6.103516E-05
2790,0.0004577637
2791,0.0003967285
2792,0.0001220703
2793,0.0007019043
2794,0.0007324219
2795,0.000213623
2796,0.0004577637
2797,0.000579834
2798,3.051758E-05
2799,0.0008850098
2800,0.001251221
2801,0.0008544922
2802,0.0001220703
2803,0.0008239746
2804,0.0007324219
2805,3.051758E-05
2806,0.000793457
2807,0.0008544922
2808,0.0002746582
2809,0.0004272461
2810,0.000579834
2811,9.155273E-05
2812,0.0004882813
2813,0.0007019043
2814,0.0003051758
2815,0.0003051758
2816,0.0005493164
2817,0.0001525879
2818,0.0004577637
2819,0.0007324219
2820,0.0004272461
2821,0.000213623
2822,0.0006408691
2823,0.0004577637
2824,6.103516E-05
2825,0.0004882813
2826,0.0003967285
2827,6.103516E-05
2828,0.0004577637
2829,0.0003662109
2830,3.051758E-05
2831,0.0003051758
2832,0.0002746582
2833,9.155273E-05
2834,0.0004272461
2835,0.0003967285
2836,3.051758E-05
2837,0.0003051758
2838,0.0003356934
2839,3.051758E-05
2840,0.0003051758
2841,0.0004272461
2842,0.0001831055
2843,0.0001831055
2844,0.0002746582
2845,0
2846,0.0003662109
2847,0.0005493164
2848,0.0003967285
2849,0
2850,0.0002746582
2851,0.0002441406
2852,6.103516E-05
2853,0.0003662109
2854,0.0004882813
2855,0.0003356934
2856,0.0001220703
2857,6.103516E-05
2858,6.103516E-05
2859,3.051758E-05
2860,0.0001525879
2861,0.000213623
2862,0.0002441406
2863,0.0002746582
2864,0.0002746582
2865,0.000213623
2866,6.103516E-05
2867,3.051758E-05
2868,3.051758E-05
2869,0.0001831055
2870,0.0004882813
2871,0.0006103516
2872,0.0005187988
2873,0.000213623
2874,9.155273E-05
2875,9.155273E-05
2876,9.155273E-05
2877,0.0004577637
2878,0.0006408691
2879,0.0004882813
2880,0.0001831055
2881,9.155273E-05
2882,0.0001525879
2883,3.051758E-05
2884,0.0003051758
2885,0.0004577637
2886,0.0003356934
2887,0.0001525879
2888,0
2889,6.103516E-05
2890,3.051758E-05
2891,3.051758E-05
2892,6.103516E-05
2893,0
2894,6.103516E-05
2895,0.0001831055
2896,0.0002441406
2897,0.000213623
2898,3.051758E-05
2899,0.000213623
2900,0.000213623
2901,6.103516E-05
2902,0.0001525879
2903,0.0003051758
2904,0.0001831055
2905,0.0001220703
2906,0.0003051758
2907,0.0002746582
2908,3.051758E-05
2909,0.0002746582
2910,0.0002746582
2911,0
2912,0.0003051758
2913,0.0003356934
2914,6.103516E-05
2915,0.0002441406
2916,0.0003356934
2917,0.0001220703
2918,0.0002441406
2919,0.0004272461
2920,0.0002441406
2921,0.0001831055
2922,0.0004882813
2923,0.0003967285
2924,3.051758E-05
2925,0.0003662109
2926,0.0003967285
2927,9.155273E-05
2928,0.0002746582
2929,0.0004272461
2930,0.0002441406
2931,0.0001525879
2932,0.0003662109
2933,0.0002441406
2934,9.155273E-05
2935,0.0004272461
2936,0.0004577637
2937,0.0002441406
2938,3.051758E-05
2939,0.000213623
2940,0.0001525879
2941,3.051758E-05
2942,9.155273E-05
2943,3.051758E-05
2944,9.155273E-05
2945,9.155273E-05
2946,0
2947,0.0001525879
2948,0.000213623
2949,0.0001525879
2950,3.051758E-05
2951,6.103516E-05
2952,3.051758E-05
2953,3.051758E-05
2954,3.051758E-05
2955,0.0001220703
2956,0.0001831055
2957,0.0001525879
2958,3.051758E-05
2959,0.0001220703
2960,0.0001525879
2961,3.051758E-05
2962,0.000213623
2963,0.0003356934
2964,0.0002441406
2965,9.155273E-05
2966,0
2967,0
2968,0.0001220703
2969,0.0001831055
2970,0.0001220703
2971,3.051758E-05
2972,9.155273E-05
2973,0
2974,9.155273E-05
2975,0.0001220703
2976,0
2977,0.0001831055
2978,0.0002441406
2979,9.155273E-05
2980,0.000213623
2981,0.0004577637
2982,0.0004577637
2983,0.0001525879
2984,0.0001525879
2985,0.0003051758
2986,0.0001525879
2987,0.0001525879
2988,0.0003967285
2989,0.0003051758
2990,3.051758E-05
2991,0.0001831055
2992,0.000213623
2993,3.051758E-05
2994,0.0001525879
2995,0.0001525879
2996,3.051758E-05
2997,0.0001831055
2998,0.0001220703
2999,0.0001220703
3000,0.0003356934
3001,0.0003051758
3002,3.051758E-05
3003,0.000213623
3004,0.000213623
3005,9.155273E-05
3006,0.0004882813
3007,0.000579834
3008,0.0003356934
3009,0.0001220703
3010,0.0003662109
3011,0.000213623
3012,0.0002746582
3013,0.0006408691
3014,0.0006103516
3015,0.0002441406
3016,0.0001525879
3017,0.0002441406
3018,0
3019,0.0003662109
3020,0.000579834
3021,0.0004577637
3022,0.0001525879
3023,3.051758E-05
3024,3.051758E-05
3025,0.0002441406
3026,0.0003662109
3027,0.0003356934
3028,0.0001525879
3029,0
3030,6.103516E-05
3031,0.0001831055
3032,0.0002746582
3033,0.000213623
3034,6.103516E-05
3035,3.051758E-05
3036,0
3037,0.0001831055
3038,0.0003051758
3039,0.0002746582
3040,0.0001220703
3041,9.155273E-05
3042,0.0001220703
3043,0
3044,0.0001525879
3045,0.0002746582
3046,0.000213623
3047,0
3048,0.000213623
3049,0.0003356934
3050,0.000213623
3051,0
3052,0.0002441406
3053,0.0003051758
3054,0.0001525879
3055,9.155273E-05
3056,0.0003051758
3057,0.0003051758
3058,0.0001220703
3059,0.0001220703
3060,0.000213623
3061,0.0001220703
3062,9.155273E-05
3063,0.0002441406
3064,0.0001831055
3065,0
3066,0.0001831055
3067,0.0001831055
3068,0
3069,0.0002441406
3070,0.0003662109
3071,0.0003356934
3072,0.0001220703
3073,6.103516E-05
3074,0.0001220703
3075,3.051758E-05
3076,0.0001220703
3077,0.0002746582
3078,0.0002746582
3079,0.0001831055
3080,9.155273E-05
3081,0
3082,3.051758E-05
3083,0.0001220703
3084,0.0002441406
3085,0.0003051758
3086,0.0002441406
3087,6.103516E-05
3088,0.0001220703
3089,0.000213623
3090,9.155273E-05
3091,0.0001525879
3092,0.0003356934
3093,0.0003662109
3094,0.0001525879
3095,0.0001220703
3096,0.0002746582
3097,0.0001525879
3098,0.0001831055
3099,0.0004577637
3100,0.0004577637
3101,0.0002441406
3102,3.051758E-05
3103,0.0001831055
3104,0
3105,0.0002746582
3106,0.0004272461
3107,0.0003662109
3108,6.103516E-05
3109,0.0001831055
3110,0.0001525879
3111,9.155273E-05
3112,0.0003051758
3113,0.0002441406
3114,6.103516E-05
3115,0.0003967285
3116,0.0003967285
3117,3.051758E-05
3118,0.0004577637
3119,0.000793457
3120,0.0006103516
3121,0.0001525879
3122,0.0003356934
3123,0.0004577637
3124,0.000213623
3125,0.0001831055
3126,0.0002746582
3127,6.103516E-05
3128,0.0003051758
3129,0.0004577637
3130,0.0002746582
3131,6.103516E-05
3132,0.0003356934
3133,0.0002746582
3134,3.051758E-05
3135,0.000213623
3136,0.0001831055
3137,0
3138,0.0001525879
3139,0.0001220703
3140,0.0001831055
3141,0.0004272461
3142,0.0003967285
3143,0.0001525879
3144,0.0001831055
3145,0.0002746582
3146,0.0001220703
3147,0.0001831055
3148,0.0003356934
3149,0.0003051758
3150,0.0001525879
3151,0
3152,6.103516E-05
3153,6.103516E-05
3154,6.103516E-05
3155,6.103516E-05
3156,0
3157,0.000213623
3158,0.0002746582
3159,0.000213623
3160,9.155273E-05
3161,0.0003662109
3162,0.0004272461
3163,0.0001220703
3164,0.0003051758
3165,0.0006103516
3166,0.0005493164
3167,0.0002441406
3168,6.103516E-05
3169,3.051758E-05
3170,0.0002746582
3171,0.000579834
3172,0.000579834
3173,0.0002441406
3174,0.0001220703
3175,0.0001831055
3176,9.155273E-05
3177,0.0005187988
3178,0.0007324219
3179,0.0005187988
3180,6.103516E-05
3181,0.0002746582
3182,0.0002746582
3183,6.103516E-05
3184,0.0003967285
3185,0.0004272461
3186,0.0001525879
3187,0.0001525879
3188,0.0002746582
3189,6.103516E-05
3190,0.0003051758
3191,0.0005187988
3192,0.0004577637
3193,0.0001831055
3194,6.103516E-05
3195,9.155273E-05
3196,6.103516E-05
3197,0.0001525879
3198,0.0001831055
3199,3.051758E-05
3200,0.0001525879
3201,0.0002441406
3202,0.0001220703
3203,0.0001220703
3204,0.0003051758
3205,0.0003356934
3206,0.0002746582
3207,0.0001220703
3208,3.051758E-05
3209,0.0001525879
3210,0.0001220703
3211,3.051758E-05
3212,0.000213623
3213,0.0003662109
3214,0.0003662109
3215,0.0001525879
3216,0.0001831055
3217,0.0003967285
3218,0.0003356934
3219,6.103516E-05
3220,0.000213623
3221,0.0003051758
3222,0.0001220703
3223,0.000213623
3224,0.0004577637
3225,0.0004272461
3226,0.0001831055
3227,3.051758E-05
3228,6.103516E-05
3229,6.103516E-05
3230,0.0001525879
3231,9.155273E-05
3232,6.103516E-05
3233,6.103516E-05
3234,6.103516E-05
3235,0.0003356934
3236,0.0004272461
3237,0.0001831055
3238,0.0001831055
3239,0.0003967285
3240,0.000213623
3241,0.0002441406
3242,0.0006408691
3243,0.0006408691
3244,0.0002441406
3245,0.0002746582
3246,0.0005187988
3247,0.000213623
3248,0.0003051758
3249,0.0006713867
3250,0.0006103516
3251,0.000213623
3252,0.0001831055
3253,0.0003051758
3254,9.155273E-05
3255,0.0001525879
3256,0.0002441406
3257,0.0001525879
3258,6.103516E-05
3259,0.0001220703
3260,0.0002441406
3261,0.0002746582
3262,0.000213623
3263,3.051758E-05
3264,9.155273E-05
3265,3.051758E-05
3266,0.0001831055
3267,0.0003662109
3268,0.0003356934
3269,9.155273E-05
3270,9.155273E-05
3271,0.0001831055
3272,3.051758E-05
3273,0.0001831055
3274,0.0003356934
3275,0.0003356934
3276,0.0003051758
3277,0.000213623
3278,0.000213623
3279,0.0001525879
3280,3.051758E-05
3281,6.103516E-05
3282,9.155273E-05
3283,6.103516E-05
3284,0.0002441406
3285,0.0003356934
3286,0.0002441406
3287,6.103516E-05
3288,0.0003356934
3289,0.0003967285
3290,0.0001525879
3291,0.000213623
3292,0.0004882813
3293,0.0004577637
3294,0.0001831055
3295,9.155273E-05
3296,0.0001220703
3297,9.155273E-05
3298,0.0003967285
3299,0.0004882813
3300,0.0003662109
3301,3.051758E-05
3302,0.000213623
3303,0.000213623
3304,6.103516E-05
3305,0.0001220703
3306,0.0001525879
3307,9.155273E-05
3308,3.051758E-05
3309,6.103516E-05
3310,0.000213623
3311,0.0003356934
3312,0.0003051758
3313,0.000213623
3314,9.155273E-05
3315,9.155273E-05
3316,0.0001220703
3317,0.0001525879
3318,9.155273E-05
3319,0.0001220703
3320,0.0003051758
3321,0.0002441406
3322,3.051758E-05
3323,0.0003356934
3324,0.0004272461
3325,0.0002746582
3326,6.103516E-05
3327,0.0002441406
3328,0.0001525879
3329,0.0001220703
3330,0.0003967285
3331,0.0004272461
3332,0.000213623
3333,6.103516E-05
3334,0.0001831055
3335,3.051758E-05
3336,0.0001831055
3337,0.0003662109
3338,0.0003051758
3339,0.0001220703
3340,3.051758E-05
3341,0
3342,0.0001525879
3343,0.0002746582
3344,0.0002746582
3345,0.0001220703
3346,3.051758E-05
3347,3.051758E-05
3348,0.0001525879
3349,0.0003356934
3350,0.0003967285
3351,0.0002441406
3352,6.103516E-05
3353,0.000213623
3354,0.0001831055
3355,9.155273E-05
3356,0.0003662109
3357,0.0004272461
3358,0.0002441406
3359,0
3360,0.0002441406
3361,0.0002746582
3362,9.155273E-05
3363,0.0001525879
3364,0.0002441406
3365,0.000213623
3366,3.051758E-05
3367,0.0001525879
3368,0.0002441406
3369,0.000213623
3370,6.103516E-05
3371,0
3372,0
3373,6.103516E-05
3374,0.0001220703
3375,0.0001831055
3376,0.0001525879
3377,0.0001220703
3378,0.0001220703
3379,0.000213623
3380,0.0003356934
3381,0.0003967285
3382,0.0003967285
3383,0.000213623
3384,3.051758E-05
3385,3.051758E-05
3386,0
3387,0.0001831055
3388,0.0003356934
3389,0.0003967285
3390,0.0003051758
3391,0.0001220703
3392,3.051758E-05
3393,3.051758E-05
3394,0.0001525879
3395,0.0002746582
3396,0.0003967285
3397,0.0003051758
3398,0.0001525879
3399,6.103516E-05
3400,3.051758E-05
3401,0.0001220703
3402,0.0002746582
3403,0.0003662109
3404,0.0003662109
3405,0.0003051758
3406,0.000213623
3407,0.0001525879
3408,0.0001525879
3409,6.103516E-05
3410,0
3411,6.103516E-05
3412,3.051758E-05
3413,3.051758E-05
3414,0.0001525879
3415,0.0002441406
3416,0.000213623
3417,0.0001220703
3418,3.051758E-05
3419,0.0001220703
3420,9.155273E-05
3421,0
3422,9.155273E-05
3423,0.0001220703
3424,9.155273E-05
3425,3.051758E-05
3426,9.155273E-05
3427,9.155273E-05
3428,0
3429,3.051758E-05
3430,9.155273E-05
3431,0.0001220703
3432,9.155273E-05
3433,3.051758E-05
3434,3.051758E-05
3435,6.103516E-05
3436,0.0001525879
3437,0.0002441406
3438,0.0002441406
3439,0.0001831055
3440,6.103516E-05
3441,3.051758E-05
3442,3.051758E-05
3443,6.103516E-05
3444,0.000213623
3445,0.0003356934
3446,0.0003356934
3447,0.000213623
3448,3.051758E-05
3449,9.155273E-05
3450,9.155273E-05
3451,6.103516E-05
3452,0.0002746582
3453,0.0003662109
3454,0.0002746582
3455,0.0001220703
3456,9.155273E-05
3457,0.0001525879
3458,9.155273E-05
3459,6.103516E-05
3460,0.0002441406
3461,0.0003051758
3462,0.0002746582
3463,0.0001525879
3464,6.103516E-05
3465,0
3466,3.051758E-05
3467,3.051758E-05
3468,3.051758E-05
3469,3.051758E-05
3470,0
3471,0
3472,6.103516E-05
3473,0.0001525879
3474,0.0001220703
3475,6.103516E-05
3476,3.051758E-05
3477,3.051758E-05
3478,3.051758E-05
3479,0.0001831055
3480,0.0003356934
3481,0.0003967285
3482,0.0003356934
3483,0.0001831055
3484,6.103516E-05
3485,0
3486,0.0001525879
3487,0.0003051758
3488,0.0004272461
3489,0.0004272461
3490,0.0002746582
3491,6.103516E-05
3492,3.051758E-05
3493,3.051758E-05
3494,0.0001831055
3495,0.0003967285
3496,0.0003967285
3497,0.0002441406
3498,6.103516E-05
3499,6.103516E-05
3500,0
3501,0.000213623
3502,0.0003967285
3503,0.0003967285
3504,0.0002746582
3505,3.051758E-05
3506,6.103516E-05
3507,3.051758E-05
3508,0.0002441406
3509,0.0004272461
3510,0.0004272461
3511,0.000213623
3512,3.051758E-05
3513,0.0001525879
3514,6.103516E-05
3515,0.0001525879
3516,0.0002746582
3517,0.000213623
3518,3.051758E-05
3519,0.0001220703
3520,0.0001831055
3521,9.155273E-05
3522,6.103516E-05
3523,0.0001525879
3524,6.103516E-05
3525,9.155273E-05
3526,0.0001220703
3527,9.155273E-05
3528,3.051758E-05
3529,9.155273E-05
3530,3.051758E-05
3531,9.155273E-05
3532,0.0002441406
3533,0.0003051758
3534,0.0002746582
3535,0.0001525879
3536,6.103516E-05
3537,3.051758E-05
3538,3.051758E-05
3539,9.155273E-05
3540,0.0001831055
3541,0.0002441406
3542,0.000213623
3543,0.0001525879
3544,6.103516E-05
3545,3.051758E-05
3546,9.155273E-05
3547,0.000213623
3548,0.0003051758
3549,0.0003662109
3550,0.0002441406
3551,6.103516E-05
3552,6.103516E-05
3553,9.155273E-05
3554,0
3555,0.0001525879
3556,0.0002441406
3557,0.0002746582
3558,0.0002441406
3559,0.0001831055
3560,0.0001525879
3561,0.0001831055
3562,0.0001220703
3563,6.103516E-05
3564,3.051758E-05
3565,6.103516E-05
3566,0.0001525879
3567,0.0002441406
3568,0.0002441406
3569,0.000213623
3570,9.155273E-05
3571,3.051758E-05
3572,6.103516E-05
3573,0.0001831055
3574,0.0003356934
3575,0.0003051758
3576,0.0001831055
3577,0
3578,9.155273E-05
3579,6.103516E-05
3580,9.155273E-05
3581,0.0003356934
3582,0.0004272461
3583,0.0003662109
3584,0.0001525879
3585,3.051758E-05
3586,3.051758E-05
3587,9.155273E-05
3588,0.0002441406
3589,0.0002746582
3590,0.0001525879
3591,0
3592,3.051758E-05
3593,0
3594,0.000213623
3595,0.0003967285
3596,0.0003662109
3597,0.0001525879
3598,6.103516E-05
3599,0.0001220703
3600,3.051758E-05
3601,0.000213623
3602,0.0003662109
3603,0.0003051758
3604,9.155273E-05
3605,9.155273E-05
3606,0.0001831055
3607,3.051758E-05
3608,0.0002441406
3609,0.0003967285
3610,0.0003051758
3611,6.103516E-05
3612,0.0001525879
3613,0.0001831055
3614,3.051758E-05
3615,0.0001525879
3616,0.000213623
3617,9.155273E-05
3618,9.155273E-05
3619,0.0001525879
3620,6.103516E-05
3621,0.0001525879
3622,0.000213623
3623,0.0001220703
3624,6.103516E-05
3625,0.000213623
3626,0.0002441406
3627,6.103516E-05
3628,0.0001525879
3629,0.0001525879
3630,3.051758E-05
3631,0.000213623
3632,0.0003051758
3633,0.0001525879
3634,9.155273E-05
3635,0.0001831055
3636,9.155273E-05
3637,0.0001525879
3638,0.0002746582
3639,0.0002441406
3640,0
3641,0.0001525879
3642,9.155273E-05
3643,0.0001220703
3644,0.0003967285
3645,0.0004272461
3646,0.0001831055
3647,0.0001220703
3648,0.0002441406
3649,3.051758E-05
3650,0.0002441406
3651,0.0004882813
3652,0.0004272461
3653,0.0001525879
3654,0.0001220703
3655,0.0001220703
3656,9.155273E-05
3657,0.0003662109
3658,0.0004882813
3659,0.0003662109
3660,0.0001525879
3661,9.155273E-05
3662,6.103516E-05
3663,9.155273E-05
3664,0.000213623
3665,0.0002441406
3666,0.0001525879
3667,9.155273E-05
3668,0.0001831055
3669,0.0003051758
3670,0.0004272461
3671,0.0003356934
3672,0.0001220703
3673,6.103516E-05
3674,3.051758E-05
3675,0.0001525879
3676,0.0003051758
3677,0.0003356934
3678,0.0002441406
3679,6.103516E-05
3680,0
3681,0.0001525879
3682,0.0003051758
3683,0.0003967285
3684,0.0002746582
3685,0.0001525879
3686,0
3687,3.051758E-05
3688,0.0001220703
3689,0.0001831055
3690,0.0001220703
3691,6.103516E-05
3692,3.051758E-05
3693,0.0001831055
3694,0.0003662109
3695,0.0003967285
3696,0.0002746582
3697,0
3698,0.000213623
3699,0.0001220703
3700,9.155273E-05
3701,0.0003051758
3702,0.0002746582
3703,6.103516E-05
3704,0.000213623
3705,0.000213623
3706,0
3707,0.0002746582
3708,0.0003662109
3709,0.0002441406
3710,9.155273E-05
3711,0.0002441406
3712,0.000213623
3713,3.051758E-05
3714,0.0002746582
3715,0.0002746582
3716,6.103516E-05
3717,0.0001525879
3718,0.0001831055
3719,3.051758E-05
3720,0.0002441406
3721,0.0003356934
3722,0.0002441406
3723,3.051758E-05
3724,0.0001220703
3725,9.155273E-05
3726,3.051758E-05
3727,0.0001525879
3728,0.0001525879
3729,0.0001220703
3730,9.155273E-05
3731,9.155273E-05
3732,0.0001525879
3733,0.0001831055
3734,0.0001525879
3735,6.103516E-05
3736,0
3737,0
3738,9.155273E-05
3739,0.0001831055
3740,0.0001831055
3741,0.0001220703
3742,6.103516E-05
3743,3.051758E-05
3744,9.155273E-05
3745,0.0001220703
3746,0.0001525879
3747,0.0001220703
3748,0.0001220703
3749,0.0001220703
3750,9.155273E-05
3751,6.103516E-05
3752,0
3753,6.103516E-05
3754,3.051758E-05
3755,0.0001220703
3756,0.0002746582
3757,0.0003356934
3758,0.0002441406
3759,3.051758E-05
3760,0.0001220703
3761,0.0001831055
3762,6.103516E-05
3763,0.0001220703
3764,0.000213623
3765,0.0001525879
3766,6.103516E-05
3767,0
3768,3.051758E-05
3769,0.0001525879
3770,0.0001525879
3771,9.155273E-05
3772,3.051758E-05
3773,9.155273E-05
3774,6.103516E-05
3775,9.155273E-05
3776,0.0001525879
3777,9.155273E-05
3778,0.0001525879
3779,0.0003051758
3780,0.0002441406
3781,6.103516E-05
3782,0.0002746582
3783,0.0003967285
3784,0.0001525879
3785,0.0001831055
3786,0.0003967285
3787,0.0003967285
3788,0.0001525879
3789,0.0001220703
3790,0.000213623
3791,9.155273E-05
3792,0.0001220703
3793,0.0002746582
3794,0.000213623
3795,9.155273E-05
3796,3.051758E-05
3797,3.051758E-05
3798,9.155273E-05
3799,0.0001525879
3800,9.155273E-05
3801,3.051758E-05
3802,0.0001220703
3803,9.155273E-05
3804,0.0001831055
3805,0.0003356934
3806,0.0003662109
3807,0.0001525879
3808,0.0001525879
3809,0.0002746582
3810,0.0001525879
3811,0.0001831055
3812,0.0003967285
3813,0.0003051758
3814,3.051758E-05
3815,0.0002441406
3816,0.0002746582
3817,6.103516E-05
3818,0.0003051758
3819,0.0003967285
3820,0.0002441406
3821,0.0001220703
3822,0.0003356934
3823,0.000213623
3824,6.103516E-05
3825,0.0003051758
3826,0.0002441406
3827,0
3828,0.0003051758
3829,0.0003051758
3830,3.051758E-05
3831,0.0003051758
3832,0.0004882813
3833,0.0002746582
3834,0.0001220703
3835,0.0003967285
3836,0.0003356934
3837,3.051758E-05
3838,0.0003051758
3839,0.0003967285
3840,0.0001525879
3841,0.0001220703
3842,0.0002746582
3843,0.0001525879
3844,9.155273E-05
3845,0.0002441406
3846,0.000213623
3847,0
3848,0.0001525879
3849,0.0001220703
3850,0
3851,0.0001525879
3852,0.0001831055
3853,0.0001220703
3854,3.051758E-05
3855,0
3856,3.051758E-05
3857,6.103516E-05
3858,9.155273E-05
3859,6.103516E-05
3860,0
3861,6.103516E-05
3862,9.155273E-05
3863,3.051758E-05
3864,3.051758E-05
3865,9.155273E-05
3866,0.0001525879
3867,0.0001525879
3868,0.0001525879
3869,9.155273E-05
3870,0
3871,6.103516E-05
3872,0
3873,9.155273E-05
3874,0.0001831055
3875,0.0001525879
3876,9.155273E-05
3877,3.051758E-05
3878,3.051758E-05
3879,3.051758E-05
3880,3.051758E-05
